<?xml version="1.0" encoding="UTF-8" standalone="yes"?>
<addon id="plugin.program.EA4all"                                                                                                                                    
	   name=" [COLOR tan][B]EA4all[/B][/COLOR]"                                                 
	   version="3.6"                                                                                                                                        
	   provider-name="">
  <requires>
    <import addon="xbmc.python" version="2.1.0"/>

  </requires>
  <extension point="xbmc.python.pluginsource" library="default.py">
    <provides>executable</provides>
  </extension>
  <extension point="xbmc.service" library="startup.py" start="startup" />
  <extension point="xbmc.addon.metadata">
    <summary lang="en">EA4all</summary>
    <description lang="en">Credit To Kodi Anonymous</description>
    <platform>all</platform>
  </extension>
</addon>