﻿<?xml version="1.0" encoding="UTF-8" standalone="yes"?>
<addon id="plugin.program.EAforall"                                                                                                                                    
	   name=" [COLOR tan][B]EAforall[/B][/COLOR]"                                                 
	   version="2.2"                                                                                                                                        
	   provider-name="EA">
  <requires>
    <import addon="xbmc.python" version="2.1.0"/>

  </requires>
  <extension point="xbmc.python.pluginsource" library="default.py">
    <provides>executable</provides>
  </extension>
  <extension point="xbmc.service" library="startup.py" start="startup" />
  <extension point="xbmc.addon.metadata">
    <summary lang="en">EAbuilds by EA</summary>
    <description lang="en">EA</description>
    <platform>all</platform>
  </extension>
</addon>