<?xml version="1.0" encoding="UTF-8"?>
<window>
    <coordinates>
        <left>380</left>
        <top>185</top>
    </coordinates>
    <controls>
        <control type="group">
            <control type="image">
                <left>0</left>
                <top>0</top>
                <width>1200</width>
                <height>750</height>
                <texture border="2">Background/ContentPanel.png</texture>
            </control>
            <control type="image" id="101">
                <left>0</left>
                <top>10</top>
                <width>1180</width>
                <height>730</height>
            </control>
            <control type="label" id="102">
                <description>header label</description>
                <posx>100</posx>
                <posy>20</posy>
                <width>970</width>
                <height>80</height>
                <!-- <font>font13</font> -->
                <label></label>
                <align>center</align>
                <aligny>center</aligny>
            </control>
            <control type="textbox" id="103">
                <left>20</left>
                <top>70</top>
                <width>870</width>
                <height>380</height>
                <font>font12</font>
                <align>left</align>
                <aligny>top</aligny>
            </control>
            <control type="image" id="104">
                <left>170</left>
                <top>170</top>
                <width>420</width>
                <height>420</height>
            </control>
        </control>
        <control type="group">
			  <control type="button" id="201">
                <left>780</left>
                <top>140</top>
                <width>310</width>
                <height>60</height>
                <!-- <font>font12</font> -->
                <textcolor>FFF0F0F0</textcolor>
                <textoffsetx>20</textoffsetx>
                <label>קבל קוד</label>
                <align>center</align>
                <aligny>center</aligny>
                <texturefocus colordiffuse="FF12B2E7">Button/testbuttonfo.png</texturefocus>
                <texturenofocus>Button/testbuttonnf.png</texturenofocus>
                <onup>206</onup>
                <ondown>202</ondown>
            </control>
			  <control type="button" id="202">
                <left>780</left>
                <top>240</top>
                <width>310</width>
                <height>60</height>
                <!-- <font>font12</font> -->
                <textcolor>FFF0F0F0</textcolor>
                <textoffsetx>20</textoffsetx>
                <label>הכנס סיסמה</label>
                <align>center</align>
                <aligny>center</aligny>
                <texturefocus colordiffuse="FF12B2E7">Button/testbuttonfo.png</texturefocus>
                <texturenofocus>Button/testbuttonnf.png</texturenofocus>
                <onup>201</onup>
                <ondown>203</ondown>
            </control>
            <control type="button" id="203">
                <left>780</left>
                <top>360</top>
                <width>310</width>
                <height>60</height>
                <!-- <font>font12</font> -->
                <textcolor>FFF0F0F0</textcolor>
                <label>בילד פרימיום לקודי 17</label>
                <align>center</align>
                <aligny>center</aligny>
                <texturefocus colordiffuse="FF12B2E7">Button/testbuttonfo.png</texturefocus>
                <texturenofocus>Button/testbuttonnf.png</texturenofocus>
                <onup>202</onup>
                <ondown>204</ondown>
            </control>
            <control type="button" id="204">
                <left>780</left>
                <top>470</top>
                <width>310</width>
                <height>60</height>
                <!-- <font>font12</font> -->
                <textcolor>FFF0F0F0</textcolor>
                <label>בילד פלוס לקודי 17</label>
                <align>center</align>
                <aligny>center</aligny>
                <texturefocus colordiffuse="FF12B2E7">Button/testbuttonfo.png</texturefocus>
                <texturenofocus>Button/testbuttonnf.png</texturenofocus>
                <onup>203</onup>
                <ondown>205</ondown>
            </control>
			  <control type="button" id="205">
                <left>780</left>
                <top>570</top>
                <width>310</width>
                <height>60</height>
                <!-- <font>font12</font> -->
                <textcolor>FFF0F0F0</textcolor>
                <textoffsetx>20</textoffsetx>
                <label>בילד פרימיום לקודי 18</label>
                <align>center</align>
                <aligny>center</aligny>
                <texturefocus colordiffuse="FF12B2E7">Button/testbuttonfo.png</texturefocus>
                <texturenofocus>Button/testbuttonnf.png</texturenofocus>
                <onup>204</onup>
                <ondown>206</ondown>
            </control>
            <control type="button" id="206">
                <left>780</left>
                <top>670</top>
                <width>310</width>
                <height>60</height>
                <!-- <font>font12</font> -->
                <textcolor>FFF0F0F0</textcolor>
                <textoffsetx>20</textoffsetx>
                <label>יציאה</label>
                <align>center</align>
                <aligny>center</aligny>
                <texturefocus colordiffuse="FF12B2E7">Button/testbuttonfo.png</texturefocus>
                <texturenofocus>Button/testbuttonnf.png</texturenofocus>
                <onup>205</onup>
                <ondown>201</ondown>
            </control>
        </control>
    </controls>
</window>
